Draw Number,Date,Winning Numbers,Powerball,Total Winners
1584,"24 September, 2026","1, 2, 3, 7, 18, 22, 32",12,832264
1583,"17 September, 2026","1, 8, 15, 17, 19, 22, 34",2,623653
1582,"10 September, 2026","2, 11, 24, 28, 29, 32, 34",13,438169
1581,"3 September, 2026","1, 10, 11, 14, 16, 19, 32",11,812979
1580,"27 August, 2026","3, 13, 17, 21, 23, 28, 34",11,663720
1579,"20 August, 2026","3, 9, 11, 13, 14, 22, 29",20,473530
1578,"13 August, 2026","6, 11, 15, 17, 26, 27, 35",11,806070
1577,"6 August, 2026","9, 13, 15, 16, 26, 30, 35",7,594590
1576,"30 July, 2026","18, 20, 22, 26, 31, 34, 35",18,424420
1575,"23 July, 2026","7, 11, 12, 18, 27, 30, 34",16,1151710
1574,"16 July, 2026","4, 5, 13, 14, 15, 22, 28",13,855991
1573,"9 July, 2026","1, 4, 5, 14, 15, 22, 27",18,634945
1572,"2 July, 2026","6, 12, 17, 22, 24, 30, 32",2,450936
1571,"25 June, 2026","7, 17, 18, 23, 25, 26, 29",16,1085542
1570,"18 June, 2026","1, 6, 20, 21, 26, 28, 29",19,800834
1569,"11 June, 2026","2, 8, 9, 11, 17, 24, 25",18,669621
1568,"4 June, 2026","3, 5, 12, 27, 32, 33, 34",10,462028
1567,"28 May, 2026","5, 10, 12, 16, 26, 30, 34",11,1522856
1566,"21 May, 2026","1, 13, 15, 16, 29, 32, 34",6,1066894
1565,"14 May, 2026","1, 2, 3, 16, 19, 22, 25",18,809274
1564,"7 May, 2026","7, 15, 17, 23, 28, 30, 31",18,624064
1563,"30 April, 2026","4, 13, 16, 17, 21, 24, 27",17,469158
1562,"23 April, 2026","4, 11, 28, 29, 30, 34, 35",3,460580
1561,"16 April, 2026","3, 7, 13, 14, 15, 19, 27",18,1164836
1560,"9 April, 2026","3, 15, 17, 26, 27, 32, 33",20,920445
1559,"2 April, 2026","20, 23, 27, 30, 32, 34, 35",18,788850
1558,"26 March, 2026","5, 9, 20, 22, 24, 25, 28",20,581003
1557,"19 March, 2026","4, 9, 18, 20, 22, 25, 35",15,575948
1556,"12 March, 2026","4, 5, 6, 9, 13, 14, 18",14,1329899
1555,"5 March, 2026","1, 5, 9, 20, 22, 23, 34",17,935068
1554,"26 February, 2026","6, 8, 12, 18, 25, 26, 27",5,759362
1553,"19 February, 2026","7, 12, 15, 17, 26, 28, 30",9,568403
1552,"12 February, 2026","11, 12, 14, 18, 20, 21, 30",7,2133320
1551,"5 February, 2026","9, 12, 15, 18, 22, 25, 33",8,1417366
1550,"29 January, 2026","4, 6, 14, 18, 25, 27, 34",6,977523
1549,"22 January, 2026","6, 9, 20, 21, 22, 30, 34",5,820950
1548,"15 January, 2026","1, 2, 4, 24, 25, 27, 35",14,592311
1547,"8 January, 2026","7, 15, 16, 17, 25, 26, 27",9,818528
1546,"1 January, 2026","7, 9, 15, 18, 27, 29, 30",3,580634
1545,"25 December, 2025","7, 11, 16, 17, 20, 23, 29",17,979155
1544,"18 December, 2025","2, 15, 16, 19, 25, 31, 35",14,579137
1543,"11 December, 2025","4, 5, 10, 12, 16, 23, 25",10,638427
1542,"4 December, 2025","9, 11, 12, 15, 19, 23, 32",14,436100
1541,"27 November, 2025","2, 9, 11, 17, 19, 24, 28",1,451568
1540,"20 November, 2025","4, 11, 12, 13, 19, 27, 29",20,489416
1539,"13 November, 2025","2, 6, 7, 8, 10, 15, 22",13,1476001
1538,"6 November, 2025","7, 11, 15, 16, 22, 33, 34",13,1010084
1537,"30 October, 2025","1, 13, 18, 19, 21, 30, 32",17,882454
1536,"23 October, 2025","4, 8, 14, 19, 20, 24, 33",16,699793
1535,"16 October, 2025","13, 14, 22, 27, 28, 29, 33",16,464095
1534,"9 October, 2025","10, 11, 15, 20, 21, 24, 28",20,1531610
1533,"2 October, 2025","11, 14, 15, 23, 26, 28, 30",9,1100825
1532,"25 September, 2025","1, 5, 6, 8, 17, 19, 20",12,931939
1531,"18 September, 2025","1, 12, 18, 24, 29, 32, 33",8,710740
1530,"11 September, 2025","4, 18, 19, 21, 28, 32, 33",17,448116
1529,"4 September, 2025","3, 9, 13, 22, 23, 28, 32",5,2361564
1528,"28 August, 2025","1, 4, 10, 14, 21, 30, 33",6,1489066
1527,"21 August, 2025","1, 4, 8, 12, 14, 16, 18",14,1058336
1526,"14 August, 2025","1, 5, 12, 14, 19, 32, 33",10,908660
1525,"7 August, 2025","8, 11, 12, 14, 21, 30, 33",19,664430
1524,"31 July, 2025","5, 12, 15, 16, 20, 22, 29",4,448412
1523,"24 July, 2025","2, 4, 6, 19, 25, 31, 34",20,994492
1522,"17 July, 2025","4, 18, 21, 22, 29, 33, 34",3,847307
1521,"10 July, 2025","3, 5, 14, 23, 24, 31, 35",10,701262
1520,"3 July, 2025","1, 7, 10, 18, 25, 32, 35",14,441795
1519,"26 June, 2025","2, 17, 23, 28, 29, 30, 33",15,647106
1518,"19 June, 2025","5, 14, 21, 23, 25, 32, 34",11,459305
1517,"12 June, 2025","3, 10, 14, 16, 21, 28, 31",6,3056246
1516,"5 June, 2025","1, 6, 9, 12, 24, 30, 34",10,1318209
1515,"29 May, 2025","7, 10, 15, 21, 23, 26, 35",18,864410
1514,"22 May, 2025","3, 8, 19, 21, 26, 28, 30",20,746585
1513,"15 May, 2025","3, 7, 11, 19, 24, 32, 33",17,602843
1512,"8 May, 2025","7, 14, 15, 32, 33, 34, 35",12,928248
1511,"1 May, 2025","2, 9, 12, 15, 23, 27, 30",10,842909
1510,"24 April, 2025","1, 13, 14, 18, 19, 21, 24",13,676113
1509,"17 April, 2025","14, 17, 27, 30, 32, 34, 35",17,934836
1508,"10 April, 2025","15, 19, 22, 23, 25, 32, 34",2,715924
1507,"3 April, 2025","14, 15, 24, 26, 27, 33, 34",10,564166
1506,"27 March, 2025","7, 9, 11, 13, 17, 21, 24",11,909738
1505,"20 March, 2025","1, 2, 9, 16, 17, 18, 32",1,616111
1504,"13 March, 2025","4, 5, 6, 7, 11, 19, 30",20,703028
1503,"6 March, 2025","5, 6, 18, 21, 22, 23, 33",16,650669
1502,"27 February, 2025","1, 7, 11, 22, 25, 26, 35",3,1089878
1501,"20 February, 2025","1, 3, 8, 14, 16, 24, 26",4,879054
1500,"13 February, 2025","1, 10, 23, 26, 28, 31, 34",3,640553
1499,"6 February, 2025","10, 19, 20, 23, 24, 31, 34",14,1560095
1498,"30 January, 2025","1, 2, 12, 13, 18, 19, 23",4,1095672
1497,"23 January, 2025","9, 11, 12, 17, 27, 29, 32",18,804805
1496,"16 January, 2025","2, 6, 13, 14, 25, 30, 31",2,621694
1495,"9 January, 2025","1, 2, 8, 11, 17, 19, 26",11,486641
1494,"2 January, 2025","8, 9, 15, 18, 21, 22, 27",19,866600
1493,"26 December, 2024","1, 3, 9, 18, 20, 28, 29",9,713344
1492,"19 December, 2024","3, 9, 12, 16, 23, 29, 30",19,513739
1491,"12 December, 2024","3, 9, 11, 14, 16, 19, 23",16,697190
1490,"5 December, 2024","5, 6, 7, 11, 30, 32, 33",11,496606
1489,"28 November, 2024","1, 4, 9, 10, 22, 26, 31",14,3080965
1488,"21 November, 2024","3, 11, 15, 19, 22, 30, 31",2,1593942
1487,"14 November, 2024","4, 5, 10, 11, 14, 19, 25",20,1154136
1486,"7 November, 2024","3, 15, 23, 26, 31, 32, 33",6,918411
1485,"31 October, 2024","3, 9, 11, 14, 26, 34, 35",7,740751
1484,"24 October, 2024","1, 5, 8, 9, 14, 22, 33",2,1141833
1483,"17 October, 2024","2, 6, 16, 21, 27, 30, 35",7,1013950
1482,"10 October, 2024","5, 7, 10, 11, 28, 33, 35",1,696297
1481,"3 October, 2024","10, 11, 13, 15, 16, 18, 34",2,726749
1480,"26 September, 2024","9, 10, 12, 15, 20, 29, 30",16,448865
1479,"19 September, 2024","4, 7, 9, 10, 12, 24, 32",15,977387
1478,"12 September, 2024","9, 12, 22, 24, 31, 32, 34",10,722664
1477,"5 September, 2024","3, 7, 13, 18, 21, 25, 32",18,472180
1476,"29 August, 2024","6, 9, 12, 15, 20, 21, 34",15,447964
1475,"22 August, 2024","4, 10, 11, 16, 18, 23, 24",6,3389213
1474,"15 August, 2024","1, 8, 11, 12, 16, 18, 28",15,1603204
1473,"8 August, 2024","4, 7, 8, 20, 23, 29, 32",17,1147630
1472,"1 August, 2024","2, 6, 8, 10, 21, 27, 30",9,912400
1471,"25 July, 2024","5, 6, 7, 8, 12, 16, 17",13,677793
1470,"18 July, 2024","4, 6, 16, 18, 20, 28, 31",6,631321
1469,"11 July, 2024","9, 12, 16, 17, 19, 20, 22",9,612712
1468,"4 July, 2024","6, 8, 9, 12, 13, 21, 30",4,658302
1467,"27 June, 2024","5, 8, 9, 12, 18, 33, 34",6,433253
1466,"20 June, 2024","1, 11, 17, 20, 23, 30, 32",16,1212790
1465,"13 June, 2024","2, 6, 9, 17, 25, 26, 32",4,927056
1464,"6 June, 2024","2, 3, 5, 14, 18, 20, 30",4,741066
1463,"30 May, 2024","2, 3, 10, 20, 22, 33, 35",9,478681
1462,"23 May, 2024","4, 6, 8, 18, 28, 29, 34",11,4433212
1461,"16 May, 2024","1, 2, 9, 12, 13, 14, 18",3,3197881
1460,"9 May, 2024","1, 3, 6, 12, 16, 18, 32",4,1744124
1459,"2 May, 2024","2, 4, 5, 7, 13, 23, 25",16,1254273
1458,"25 April, 2024","3, 17, 20, 28, 29, 32, 34",18,813888
1457,"18 April, 2024","9, 18, 22, 23, 31, 34, 35",1,652134
1456,"11 April, 2024","4, 6, 20, 21, 24, 25, 30",2,432534
1455,"4 April, 2024","1, 7, 10, 19, 20, 25, 31",11,788737
1454,"28 March, 2024","6, 9, 15, 18, 19, 29, 34",4,638851
1453,"21 March, 2024","3, 7, 10, 12, 13, 24, 25",11,484256
1452,"14 March, 2024","5, 15, 24, 27, 30, 32, 35",2,1145211
1451,"7 March, 2024","2, 4, 6, 8, 20, 24, 30",10,933498
1450,"29 February, 2024","3, 5, 13, 24, 25, 31, 33",17,739455
1449,"22 February, 2024","5, 6, 7, 12, 27, 28, 33",4,478557
1448,"15 February, 2024","5, 10, 15, 18, 19, 34, 35",20,476950
1447,"8 February, 2024","6, 7, 12, 16, 20, 25, 26",2,486048
1446,"1 February, 2024","1, 12, 23, 26, 32, 33, 35",10,6770283
1445,"25 January, 2024","1, 4, 6, 9, 21, 26, 27",10,5102570
1444,"18 January, 2024","17, 20, 21, 22, 24, 31, 34",6,3445440
1443,"11 January, 2024","2, 5, 16, 25, 30, 32, 34",7,1509643
1442,"4 January, 2024","21, 22, 27, 30, 31, 33, 34",4,977020
1441,"28 December, 2023","9, 11, 15, 16, 24, 27, 35",1,745340
1440,"21 December, 2023","13, 14, 20, 22, 25, 34, 35",12,532545
1439,"14 December, 2023","2, 4, 6, 8, 18, 22, 30",2,932504
1438,"7 December, 2023","4, 6, 15, 17, 23, 31, 33",15,767983
1437,"30 November, 2023","1, 2, 11, 19, 23, 30, 34",4,526800
1436,"23 November, 2023","4, 7, 23, 31, 32, 33, 35",5,840638
1435,"16 November, 2023","1, 7, 8, 11, 29, 31, 32",16,559593
1434,"9 November, 2023","5, 15, 23, 29, 30, 34, 35",2,515658
1433,"2 November, 2023","6, 8, 11, 12, 22, 23, 30",15,1341852
1432,"26 October, 2023","4, 9, 11, 16, 22, 31, 35",20,931322
1431,"19 October, 2023","1, 3, 4, 6, 7, 24, 26",18,652968
1430,"12 October, 2023","1, 6, 10, 20, 21, 31, 35",13,459524
1429,"5 October, 2023","3, 4, 8, 11, 14, 19, 22",5,2004163
1428,"28 September, 2023","2, 3, 14, 15, 26, 27, 28",19,1299079
1427,"21 September, 2023","4, 10, 12, 13, 18, 20, 23",5,972261
1426,"14 September, 2023","2, 5, 6, 10, 17, 19, 31",10,749581
1425,"7 September, 2023","11, 14, 18, 20, 24, 27, 29",19,477673
1424,"31 August, 2023","6, 10, 14, 27, 31, 32, 35",6,1314020
1423,"24 August, 2023","3, 8, 11, 17, 18, 20, 33",7,1036517
1422,"17 August, 2023","10, 12, 17, 21, 24, 26, 30",10,705337
1421,"10 August, 2023","9, 10, 11, 16, 18, 23, 24",9,491259
1420,"3 August, 2023","1, 7, 13, 18, 23, 25, 33",7,3716435
1419,"27 July, 2023","4, 14, 16, 18, 19, 22, 33",18,1909895
1418,"20 July, 2023","4, 7, 9, 14, 27, 29, 32",17,1397378
1417,"13 July, 2023","3, 11, 17, 19, 27, 29, 30",15,937747
1416,"6 July, 2023","7, 10, 12, 16, 17, 20, 28",20,735171
1415,"29 June, 2023","1, 3, 5, 8, 18, 24, 28",2,435033
1414,"22 June, 2023","3, 4, 5, 6, 14, 22, 23",17,3867941
1413,"15 June, 2023","2, 9, 11, 13, 20, 25, 31",2,1980836
1412,"8 June, 2023","12, 15, 17, 20, 21, 22, 28",11,1315306
1411,"1 June, 2023","6, 14, 19, 23, 28, 31, 34",3,918754
1410,"25 May, 2023","8, 12, 17, 20, 27, 29, 30",6,695368
1409,"18 May, 2023","3, 6, 7, 11, 19, 20, 33",18,452831
1408,"11 May, 2023","3, 8, 9, 12, 15, 18, 28",14,461658
1407,"4 May, 2023","2, 13, 18, 20, 31, 34, 35",9,920905
1406,"27 April, 2023","6, 16, 19, 27, 28, 30, 33",17,598510
1405,"20 April, 2023","1, 12, 13, 18, 24, 30, 32",6,473482
1404,"13 April, 2023","5, 12, 15, 19, 27, 29, 33",4,1111892
1403,"6 April, 2023","6, 12, 17, 21, 24, 30, 33",10,923497
1402,"30 March, 2023","5, 6, 7, 11, 12, 13, 35",15,594687
1401,"23 March, 2023","4, 5, 7, 18, 19, 25, 26",15,598664
1400,"16 March, 2023","3, 17, 22, 28, 29, 32, 34",18,479577
1399,"9 March, 2023","7, 10, 17, 20, 27, 30, 33",1,454163
1398,"2 March, 2023","13, 14, 16, 18, 19, 21, 29",18,1359343
1397,"23 February, 2023","3, 5, 6, 11, 24, 26, 30",9,1014788
1396,"16 February, 2023","5, 8, 12, 13, 20, 21, 35",8,653438
1395,"9 February, 2023","3, 8, 11, 16, 28, 32, 35",13,473008
1394,"2 February, 2023","2, 7, 15, 21, 24, 31, 35",18,1330836
1393,"26 January, 2023","1, 15, 21, 28, 30, 31, 33",16,896264
1392,"19 January, 2023","3, 19, 21, 30, 32, 34, 35",1,604989
1391,"12 January, 2023","3, 10, 18, 22, 29, 30, 34",5,496226
1390,"5 January, 2023","5, 7, 9, 13, 21, 27, 35",6,482438
1389,"29 December, 2022","4, 6, 9, 22, 23, 24, 26",18,3115710
1388,"22 December, 2022","5, 7, 18, 21, 23, 28, 31",4,1730278
1387,"15 December, 2022","1, 7, 19, 21, 22, 26, 34",2,1105833
1386,"8 December, 2022","4, 10, 14, 18, 19, 21, 35",11,889417
1385,"1 December, 2022","2, 4, 5, 7, 8, 29, 34",15,567846
1384,"24 November, 2022","6, 9, 14, 25, 27, 31, 33",15,1583200
1383,"17 November, 2022","1, 5, 6, 7, 14, 19, 33",17,1156822
1382,"10 November, 2022","3, 5, 14, 15, 17, 22, 32",7,1033296
1381,"3 November, 2022","2, 6, 8, 12, 22, 24, 32",2,595874
1380,"27 October, 2022","2, 4, 7, 10, 12, 18, 34",7,6683605
1379,"20 October, 2022","6, 11, 14, 17, 24, 25, 33",18,4139050
1378,"13 October, 2022","1, 13, 16, 18, 25, 31, 35",2,1693915
1377,"6 October, 2022","3, 4, 6, 14, 17, 28, 35",10,1073010
1376,"29 September, 2022","9, 12, 15, 16, 19, 20, 35",4,804830
1375,"22 September, 2022","10, 15, 21, 24, 26, 28, 35",8,521610
1374,"15 September, 2022","2, 9, 10, 13, 22, 31, 35",15,558568
1373,"8 September, 2022","13, 15, 21, 23, 25, 30, 31",10,1376280
1372,"1 September, 2022","3, 4, 10, 12, 15, 26, 34",20,890996
1371,"25 August, 2022","4, 8, 12, 16, 25, 31, 32",17,564789
1370,"18 August, 2022","1, 2, 4, 20, 22, 23, 27",20,464785
1369,"11 August, 2022","5, 9, 18, 22, 23, 28, 30",3,912055
1368,"4 August, 2022","6, 11, 13, 17, 21, 23, 32",15,549373
1367,"28 July, 2022","5, 9, 10, 19, 23, 24, 34",13,463225
1366,"21 July, 2022","2, 7, 8, 9, 24, 25, 26",9,507015
1365,"14 July, 2022","1, 6, 17, 20, 26, 33, 35",5,607200
1364,"7 July, 2022","3, 6, 13, 14, 16, 28, 30",11,471505
1363,"30 June, 2022","1, 6, 11, 16, 17, 22, 29",2,1762782
1362,"23 June, 2022","2, 7, 9, 10, 22, 31, 35",19,1343247
1361,"16 June, 2022","3, 6, 12, 15, 18, 28, 29",15,957618
1360,"9 June, 2022","2, 3, 6, 13, 20, 23, 34",12,616193
1359,"2 June, 2022","6, 8, 11, 15, 21, 31, 33",7,494374
1358,"26 May, 2022","10, 13, 16, 19, 21, 25, 33",18,463698
1357,"19 May, 2022","5, 8, 11, 15, 27, 28, 34",3,2696619
1356,"12 May, 2022","4, 7, 9, 14, 16, 18, 22",10,1941322
1355,"5 May, 2022","2, 12, 16, 17, 26, 30, 35",19,1327741
1354,"28 April, 2022","1, 7, 12, 16, 19, 24, 25",7,960255
1353,"21 April, 2022","15, 17, 19, 22, 25, 28, 29",6,547992
1352,"14 April, 2022","2, 3, 5, 11, 14, 20, 31",4,469291
1351,"7 April, 2022","3, 5, 7, 10, 15, 30, 34",12,995196
1350,"31 March, 2022","6, 10, 13, 26, 27, 28, 34",11,634157
1349,"24 March, 2022","4, 5, 9, 21, 23, 28, 32",20,439305
1348,"17 March, 2022","2, 7, 13, 17, 19, 23, 25",13,1006718
1347,"10 March, 2022","5, 13, 15, 16, 19, 29, 35",16,577469
1346,"3 March, 2022","2, 4, 12, 18, 24, 27, 28",4,455365
1345,"24 February, 2022","6, 9, 15, 27, 28, 32, 33",8,5558092
1344,"17 February, 2022","6, 7, 13, 22, 24, 30, 34",10,2612173
1343,"10 February, 2022","3, 5, 16, 19, 26, 31, 32",6,1765572
1342,"3 February, 2022","11, 16, 18, 21, 22, 26, 31",8,1292382
1341,"27 January, 2022","4, 10, 15, 25, 27, 28, 32",18,763316
1340,"20 January, 2022","11, 14, 25, 26, 31, 34, 35",1,488150
1339,"13 January, 2022","2, 9, 13, 24, 28, 29, 33",13,437032
1338,"6 January, 2022","5, 15, 20, 27, 28, 29, 34",8,1708140
1337,"30 December, 2021","16, 18, 19, 23, 26, 32, 35",10,1013993
1336,"23 December, 2021","3, 10, 13, 16, 20, 29, 33",19,936635
1335,"16 December, 2021","3, 18, 25, 30, 32, 33, 34",6,569331
1334,"9 December, 2021","4, 9, 14, 25, 28, 29, 34",3,419788
1333,"2 December, 2021","4, 5, 19, 26, 27, 30, 33",8,2501017
1332,"25 November, 2021","3, 9, 16, 17, 21, 22, 34",9,1874111
1331,"18 November, 2021","1, 3, 5, 8, 13, 19, 34",11,1348954
1330,"11 November, 2021","1, 2, 3, 4, 15, 17, 20",16,915214
1329,"4 November, 2021","8, 12, 15, 18, 27, 30, 34",8,589406
1328,"28 October, 2021","9, 10, 14, 15, 23, 26, 29",3,429499
1327,"21 October, 2021","2, 7, 11, 17, 27, 28, 30",11,2023103
1326,"14 October, 2021","12, 17, 20, 22, 23, 27, 32",17,1348090
1325,"7 October, 2021","4, 13, 18, 25, 27, 29, 34",13,997856
1324,"30 September, 2021","2, 7, 14, 18, 24, 25, 27",20,607463
1323,"23 September, 2021","3, 8, 10, 14, 21, 23, 24",5,449774
1322,"16 September, 2021","1, 8, 9, 22, 30, 31, 32",9,576671
1321,"9 September, 2021","2, 3, 6, 8, 17, 20, 23",2,439209
1320,"2 September, 2021","4, 5, 12, 14, 17, 25, 28",10,989631
1319,"26 August, 2021","10, 11, 14, 25, 27, 28, 32",6,652253
1318,"19 August, 2021","2, 7, 8, 9, 10, 26, 30",3,478968
1317,"12 August, 2021","4, 10, 17, 19, 21, 23, 26",7,2986867
1316,"5 August, 2021","7, 10, 11, 12, 16, 21, 25",18,1852570
1315,"29 July, 2021","4, 7, 22, 23, 26, 33, 35",17,1296190
1314,"22 July, 2021","13, 15, 16, 20, 25, 28, 29",11,937877
1313,"15 July, 2021","3, 11, 16, 17, 25, 26, 32",2,574805
1312,"8 July, 2021","7, 8, 9, 15, 17, 19, 32",6,416533
1311,"1 July, 2021","11, 13, 16, 17, 18, 19, 20",15,1764121
1310,"24 June, 2021","8, 13, 21, 28, 30, 31, 33",15,1230630
1309,"17 June, 2021","4, 10, 12, 13, 20, 26, 34",1,798540
1308,"10 June, 2021","2, 13, 15, 24, 25, 32, 35",16,502919
1307,"3 June, 2021","1, 11, 12, 14, 17, 19, 28",11,440509
1306,"27 May, 2021","2, 5, 6, 10, 12, 24, 25",20,581464
1305,"20 May, 2021","2, 5, 7, 8, 11, 14, 18",19,466975
1304,"13 May, 2021","5, 7, 8, 11, 12, 19, 25",20,1129426
1303,"6 May, 2021","10, 14, 16, 21, 23, 25, 34",9,829449
1302,"29 April, 2021","3, 10, 14, 15, 23, 30, 35",15,543440
1301,"22 April, 2021","10, 17, 19, 21, 26, 31, 35",1,2604501
1300,"15 April, 2021","1, 5, 9, 12, 17, 19, 24",3,1475569
1299,"8 April, 2021","3, 4, 12, 13, 14, 21, 24",6,946765
1298,"1 April, 2021","1, 7, 13, 23, 25, 26, 27",15,849304
1297,"25 March, 2021","10, 12, 14, 15, 16, 21, 25",5,527799
1296,"18 March, 2021","6, 16, 18, 29, 30, 33, 35",4,1530467
1295,"11 March, 2021","1, 8, 14, 17, 19, 21, 26",20,1029749
1294,"4 March, 2021","1, 6, 7, 18, 22, 28, 33",4,837615
1293,"25 February, 2021","11, 17, 19, 20, 23, 25, 33",3,539293
1292,"18 February, 2021","3, 13, 16, 19, 22, 25, 30",10,1770964
1291,"11 February, 2021","1, 7, 16, 20, 26, 29, 32",14,1077572
1290,"4 February, 2021","2, 6, 18, 29, 30, 33, 34",8,840029
1289,"28 January, 2021","6, 10, 12, 13, 16, 20, 30",11,511629
1288,"21 January, 2021","6, 15, 19, 22, 27, 29, 35",14,863186
1287,"14 January, 2021","1, 2, 17, 20, 26, 27, 31",14,527615
1286,"7 January, 2021","2, 3, 7, 17, 20, 22, 23",5,408388
1285,"31 December, 2020","1, 2, 7, 8, 11, 16, 28",7,641603
1284,"24 December, 2020","4, 9, 11, 12, 21, 29, 32",2,422750
1283,"17 December, 2020","4, 5, 9, 16, 17, 29, 33",13,947317
1282,"10 December, 2020","4, 8, 9, 11, 14, 19, 20",19,616874
1281,"3 December, 2020","1, 12, 15, 17, 21, 28, 29",17,397500
1280,"26 November, 2020","3, 7, 20, 21, 25, 30, 31",2,894629
1279,"19 November, 2020","1, 7, 12, 13, 26, 30, 34",11,550821
1278,"12 November, 2020","6, 9, 11, 14, 19, 23, 24",20,409081
1277,"5 November, 2020","2, 3, 13, 14, 21, 24, 35",12,892017
1276,"29 October, 2020","1, 2, 10, 16, 24, 28, 31",19,559787
1275,"22 October, 2020","1, 5, 6, 10, 16, 19, 31",10,438514
1274,"15 October, 2020","2, 7, 9, 15, 27, 31, 32",7,1464551
1273,"8 October, 2020","9, 10, 11, 17, 19, 20, 35",3,999401
1272,"1 October, 2020","11, 15, 16, 18, 22, 26, 30",4,613663
1271,"24 September, 2020","1, 3, 8, 11, 13, 31, 32",3,463558
1270,"17 September, 2020","3, 4, 5, 7, 11, 19, 28",6,1912173
1269,"10 September, 2020","2, 8, 9, 10, 19, 23, 29",14,1377927
1268,"3 September, 2020","1, 3, 9, 13, 17, 23, 32",19,948012
1267,"27 August, 2020","2, 13, 14, 16, 18, 23, 28",9,613667
1266,"20 August, 2020","8, 12, 17, 18, 21, 23, 35",1,409545
1265,"13 August, 2020","5, 6, 14, 15, 16, 24, 32",19,591643
1264,"6 August, 2020","5, 7, 14, 18, 23, 27, 33",7,495678
1263,"30 July, 2020","3, 9, 19, 24, 27, 30, 35",1,975123
1262,"23 July, 2020","3, 7, 9, 16, 17, 28, 32",6,585307
1261,"16 July, 2020","11, 14, 18, 23, 26, 32, 34",5,461252
1260,"9 July, 2020","2, 21, 26, 28, 31, 32, 33",12,2404427
1259,"2 July, 2020","1, 6, 10, 15, 16, 21, 26",19,1550312
1258,"25 June, 2020","8, 12, 18, 20, 24, 27, 35",17,1084427
1257,"18 June, 2020","7, 14, 17, 22, 24, 28, 32",1,685611
1256,"11 June, 2020","1, 14, 17, 22, 26, 28, 33",9,567278
1255,"4 June, 2020","1, 5, 10, 12, 17, 20, 27",13,446253
1254,"28 May, 2020","9, 10, 21, 24, 25, 30, 32",19,827579
1253,"21 May, 2020","7, 8, 9, 18, 23, 30, 32",4,551608
1252,"14 May, 2020","3, 4, 8, 22, 23, 24, 31",15,390855
1251,"7 May, 2020","9, 12, 16, 23, 26, 29, 35",10,518004
1250,"30 April, 2020","6, 9, 17, 25, 28, 32, 34",10,384177
1249,"23 April, 2020","3, 6, 7, 14, 18, 32, 35",2,896016
1248,"16 April, 2020","8, 12, 15, 18, 19, 24, 25",18,642765
1247,"9 April, 2020","2, 4, 12, 18, 19, 27, 34",11,518595
1246,"2 April, 2020","1, 3, 14, 17, 19, 22, 26",18,343428
1245,"26 March, 2020","1, 12, 14, 16, 21, 27, 29",7,1916816
1244,"19 March, 2020","1, 10, 11, 12, 18, 20, 27",20,1479132
1243,"12 March, 2020","10, 17, 19, 20, 26, 28, 33",2,1042483
1242,"5 March, 2020","10, 16, 23, 24, 27, 28, 33",12,823850
1241,"27 February, 2020","1, 9, 16, 17, 22, 24, 31",2,608423
1240,"20 February, 2020","1, 3, 12, 13, 21, 26, 31",19,486378
1239,"13 February, 2020","2, 5, 7, 14, 25, 29, 32",3,323906
1238,"6 February, 2020","1, 2, 3, 11, 15, 26, 35",17,1493633
1237,"30 January, 2020","5, 8, 9, 17, 20, 22, 35",16,1019226
1236,"23 January, 2020","4, 5, 10, 13, 23, 27, 28",4,796163
1235,"16 January, 2020","7, 14, 16, 20, 21, 25, 28",11,605472
1234,"9 January, 2020","3, 4, 7, 9, 24, 29, 31",2,449629
1233,"2 January, 2020","2, 3, 9, 21, 25, 27, 35",4,319273
1232,"26 December, 2019","7, 9, 12, 17, 23, 26, 27",2,570766
1231,"19 December, 2019","4, 8, 9, 10, 11, 29, 32",18,583172
1230,"12 December, 2019","9, 11, 15, 16, 18, 28, 35",9,589885
1229,"5 December, 2019","14, 19, 20, 27, 29, 30, 32",6,447789
1228,"28 November, 2019","4, 12, 18, 20, 21, 23, 30",1,321696
1227,"21 November, 2019","1, 2, 3, 12, 13, 23, 25",1,1092241
1226,"14 November, 2019","8, 10, 20, 24, 26, 28, 32",6,904130
1225,"7 November, 2019","3, 7, 10, 12, 13, 21, 33",4,696613
1224,"31 October, 2019","9, 10, 16, 18, 22, 29, 33",8,519893
1223,"24 October, 2019","1, 7, 11, 12, 19, 24, 30",7,495686
1222,"17 October, 2019","2, 6, 7, 9, 21, 22, 25",12,343766
1221,"10 October, 2019","3, 6, 11, 16, 27, 28, 35",10,508958
1220,"3 October, 2019","2, 11, 15, 20, 22, 25, 29",3,424569
1219,"26 September, 2019","9, 22, 25, 26, 27, 30, 33",19,348943
1218,"19 September, 2019","4, 5, 8, 17, 18, 26, 31",9,4648107
1217,"12 September, 2019","10, 11, 20, 27, 28, 30, 31",2,2760732
1216,"5 September, 2019","2, 4, 14, 16, 19, 27, 29",13,1912529
1215,"29 August, 2019","8, 9, 11, 20, 22, 27, 32",20,1276885
1214,"22 August, 2019","3, 7, 10, 11, 17, 26, 35",19,938891
1213,"15 August, 2019","7, 14, 21, 24, 27, 30, 35",13,710999
1212,"8 August, 2019","1, 5, 11, 16, 17, 29, 30",8,541172
1211,"1 August, 2019","9, 15, 22, 23, 25, 30, 35",6,387663
1210,"25 July, 2019","1, 3, 9, 11, 22, 23, 24",4,325159
1209,"18 July, 2019","1, 6, 11, 13, 16, 23, 27",11,3519178
1208,"11 July, 2019","6, 7, 8, 21, 27, 28, 34",16,1649694
1207,"4 July, 2019","2, 15, 20, 21, 22, 27, 28",3,1183844
1206,"27 June, 2019","2, 7, 17, 21, 27, 32, 35",7,911453
1205,"20 June, 2019","4, 10, 14, 16, 17, 19, 34",13,649655
1204,"13 June, 2019","1, 5, 8, 11, 17, 23, 25",3,531998
1203,"6 June, 2019","2, 7, 8, 11, 31, 33, 35",20,436321
1202,"30 May, 2019","4, 10, 14, 17, 22, 31, 34",7,358595
1201,"23 May, 2019","6, 7, 10, 16, 17, 20, 30",4,273299
1200,"16 May, 2019","1, 11, 13, 17, 24, 34, 35",19,383917
1199,"9 May, 2019","5, 15, 17, 18, 19, 26, 29",2,261417
1198,"2 May, 2019","2, 4, 6, 8, 9, 11, 33",4,786341
1197,"25 April, 2019","2, 5, 9, 11, 23, 25, 33",6,513325
1196,"18 April, 2019","1, 2, 4, 11, 17, 21, 30",2,484834
1195,"11 April, 2019","8, 15, 18, 19, 20, 22, 32",9,406999
1194,"4 April, 2019","2, 12, 14, 16, 21, 25, 33",4,295589
1193,"28 March, 2019","4, 5, 25, 26, 27, 30, 34",18,580551
1192,"21 March, 2019","3, 14, 20, 27, 29, 30, 31",7,475775
1191,"14 March, 2019","2, 5, 8, 17, 20, 24, 27",6,370326
1190,"7 March, 2019","4, 6, 9, 13, 20, 23, 27",2,292292
1189,"28 February, 2019","2, 4, 5, 7, 11, 13, 14",14,1026480
1188,"21 February, 2019","3, 4, 12, 16, 21, 25, 27",8,882035
1187,"14 February, 2019","3, 6, 10, 11, 21, 23, 34",5,723094
1186,"7 February, 2019","6, 11, 17, 20, 22, 24, 32",19,577909
1185,"31 January, 2019","10, 19, 22, 28, 29, 31, 34",10,416136
1184,"24 January, 2019","2, 8, 17, 19, 23, 29, 35",3,322880
1183,"17 January, 2019","4, 11, 18, 20, 22, 26, 33",9,3856276
1182,"10 January, 2019","3, 7, 10, 24, 28, 31, 34",14,2467864
1181,"3 January, 2019","7, 8, 11, 12, 19, 25, 33",13,1480287
1180,"27 December, 2018","5, 7, 8, 9, 17, 18, 29",19,824563
1179,"20 December, 2018","5, 9, 13, 19, 20, 24, 32",15,724079
1178,"13 December, 2018","7, 8, 15, 24, 26, 28, 35",13,713679
1177,"6 December, 2018","3, 5, 6, 14, 20, 26, 33",19,535881
1176,"29 November, 2018","3, 5, 17, 20, 22, 29, 33",12,438113
1175,"22 November, 2018","3, 14, 17, 28, 29, 33, 34",17,295535
1174,"15 November, 2018","2, 7, 16, 18, 23, 25, 29",20,305282
1173,"8 November, 2018","12, 15, 17, 23, 29, 30, 35",10,1553831
1172,"1 November, 2018","4, 8, 11, 17, 24, 30, 35",3,948519
1171,"25 October, 2018","9, 11, 13, 25, 26, 28, 29",12,775396
1170,"18 October, 2018","7, 10, 17, 25, 29, 33, 35",5,657828
1169,"11 October, 2018","13, 20, 21, 23, 27, 30, 32",13,552014
1168,"4 October, 2018","3, 11, 21, 22, 24, 28, 32",7,412951
1167,"27 September, 2018","5, 10, 15, 19, 21, 22, 30",3,291785
1166,"20 September, 2018","2, 6, 8, 10, 17, 20, 30",8,848698
1165,"13 September, 2018","1, 2, 17, 19, 22, 34, 35",11,634762
1164,"6 September, 2018","7, 14, 18, 21, 23, 25, 27",20,494358
1163,"30 August, 2018","13, 15, 19, 20, 22, 28, 32",20,385456
1162,"23 August, 2018","2, 6, 9, 14, 18, 28, 29",11,330450
1161,"16 August, 2018","3, 13, 27, 31, 32, 33, 35",3,3795414
1160,"9 August, 2018","4, 5, 10, 12, 13, 18, 34",19,2023521
1159,"2 August, 2018","1, 3, 9, 17, 22, 32, 34",19,1066585
1158,"26 July, 2018","1, 7, 8, 22, 28, 31, 32",15,868103
1157,"19 July, 2018","2, 4, 22, 23, 24, 25, 29",17,718567
1156,"12 July, 2018","4, 16, 18, 23, 25, 31, 32",5,612350
1155,"5 July, 2018","7, 20, 23, 29, 32, 33, 34",16,450973
1154,"28 June, 2018","2, 4, 7, 17, 25, 28, 34",3,372657
1153,"21 June, 2018","2, 5, 9, 13, 24, 31, 35",16,247082
1152,"14 June, 2018","2, 6, 7, 14, 16, 29, 31",15,262570
1151,"7 June, 2018","14, 22, 23, 24, 30, 32, 34",9,1265614
1150,"31 May, 2018","8, 9, 18, 27, 29, 30, 32",6,1039920
1149,"24 May, 2018","2, 12, 14, 18, 19, 23, 25",17,812935
1148,"17 May, 2018","3, 9, 16, 25, 26, 31, 34",9,589970
1147,"10 May, 2018","6, 14, 15, 24, 26, 32, 35",14,392188
1146,"3 May, 2018","1, 3, 6, 16, 19, 20, 24",13,373502
1145,"26 April, 2018","9, 14, 15, 19, 24, 34, 35",12,260424
1144,"19 April, 2018","4, 5, 9, 13, 25, 32, 33",7,404527
1143,"12 April, 2018","14, 16, 18, 31, 32, 33",17,161056
1142,"5 April, 2018","5, 8, 18, 22, 23, 25",10,241833
1141,"29 March, 2018","4, 7, 8, 10, 14, 16",10,198712
1140,"22 March, 2018","10, 17, 22, 30, 35, 40",7,674612
1139,"15 March, 2018","1, 6, 9, 18, 21, 34",15,542456
1138,"8 March, 2018","4, 12, 22, 26, 29, 37",11,353371
1137,"1 March, 2018","8, 16, 17, 24, 30, 39",8,276081
1136,"22 February, 2018","11, 14, 15, 16, 19, 38",8,217336
1135,"15 February, 2018","5, 6, 12, 25, 36, 37",7,179936
1134,"8 February, 2018","7, 10, 12, 23, 33, 38",16,209510
1133,"1 February, 2018","20, 24, 26, 27, 35, 38",3,163515
1132,"25 January, 2018","1, 10, 13, 23, 24, 40",13,203545
1131,"18 January, 2018","3, 8, 13, 19, 35, 36",6,190814
1130,"11 January, 2018","5, 7, 11, 32, 34, 38",12,1027688
1129,"4 January, 2018","8, 15, 19, 20, 23, 24",5,604170
1128,"28 December, 2017","12, 28, 29, 34, 35, 37",7,348947
1127,"21 December, 2017","7, 10, 15, 27, 32, 33",9,300544
1126,"14 December, 2017","19, 22, 28, 30, 31, 40",6,250073
1125,"7 December, 2017","8, 11, 23, 26, 34, 39",13,219124
1124,"30 November, 2017","21, 22, 26, 31, 35, 38",10,166500
1123,"23 November, 2017","17, 27, 33, 35, 36, 39",7,320443
1122,"16 November, 2017","3, 6, 11, 18, 33, 36",5,225445
1121,"9 November, 2017","15, 18, 20, 27, 29, 38",20,167703
1120,"2 November, 2017","3, 4, 23, 30, 32, 33",4,205053
1119,"26 October, 2017","4, 15, 23, 29, 34, 39",5,163772
1118,"19 October, 2017","8, 9, 11, 17, 31, 34",16,367793
1117,"12 October, 2017","1, 11, 15, 28, 30, 32",20,323412
1116,"5 October, 2017","6, 7, 17, 19, 33, 38",17,224741
1115,"28 September, 2017","1, 6, 13, 14, 25, 32",7,178843
1114,"21 September, 2017","2, 10, 17, 23, 25, 26",5,897876
1113,"14 September, 2017","15, 25, 26, 30, 31, 37",18,547622
1112,"7 September, 2017","3, 11, 14, 24, 28, 35",3,334032
1111,"31 August, 2017","14, 22, 25, 34, 36, 38",10,237773
1110,"24 August, 2017","3, 6, 9, 13, 30, 35",20,210675
1109,"17 August, 2017","4, 5, 12, 26, 32, 38",6,169327
1108,"10 August, 2017","1, 6, 8, 16, 17, 20",1,183183
1107,"3 August, 2017","6, 9, 19, 22, 30, 38",10,225548
1106,"27 July, 2017","4, 15, 23, 27, 31, 36",16,159497
1105,"20 July, 2017","5, 14, 15, 22, 23, 25",9,177102
1104,"13 July, 2017","1, 9, 12, 24, 28, 30",9,205640
1103,"6 July, 2017","10, 11, 13, 19, 22, 38",20,183207
1102,"29 June, 2017","2, 3, 5, 9, 12, 19",9,241660
1101,"22 June, 2017","12, 17, 25, 35, 36, 40",17,162071
1100,"15 June, 2017","6, 23, 24, 28, 31, 38",12,557277
1099,"8 June, 2017","6, 7, 10, 17, 20, 25",15,399689
1098,"1 June, 2017","18, 19, 24, 29, 32, 37",12,296469
1097,"25 May, 2017","4, 24, 27, 32, 35, 39",13,202630
1096,"18 May, 2017","6, 10, 17, 27, 35, 39",12,173261
1095,"11 May, 2017","10, 19, 21, 23, 26, 36",10,868162
1094,"4 May, 2017","4, 5, 10, 15, 17, 25",2,564557
1093,"27 April, 2017","19, 20, 24, 30, 36, 38",3,336375
1092,"20 April, 2017","7, 13, 19, 22, 27, 30",8,313196
1091,"13 April, 2017","1, 5, 23, 26, 33, 34",10,222876
1090,"6 April, 2017","6, 7, 17, 31, 32, 34",5,174509
1089,"30 March, 2017","1, 5, 7, 19, 28, 30",6,335247
1088,"23 March, 2017","5, 7, 17, 31, 34, 40",18,261719
1087,"16 March, 2017","13, 22, 27, 30, 34, 40",17,205771
1086,"9 March, 2017","6, 9, 19, 26, 27, 29",15,188915
1085,"2 March, 2017","9, 25, 30, 34, 36, 40",11,293685
1084,"23 February, 2017","1, 15, 16, 20, 26, 29",12,217785
1083,"16 February, 2017","15, 22, 24, 25, 26, 29",16,163412
1082,"9 February, 2017","11, 16, 21, 23, 31, 33",2,318727
1081,"2 February, 2017","20, 23, 28, 31, 35, 40",3,263610
1080,"26 January, 2017","6, 8, 23, 36, 38, 40",2,180290
1079,"19 January, 2017","10, 22, 31, 32, 33, 35",19,168262
1078,"12 January, 2017","4, 11, 14, 26, 29, 36",17,178531
1077,"5 January, 2017","6, 8, 23, 31, 36, 39",15,1077370
1076,"29 December, 2016","3, 4, 6, 24, 25, 31",13,620001
1075,"22 December, 2016","4, 10, 16, 26, 29, 39",18,469901
1074,"15 December, 2016","8, 13, 22, 30, 36, 37",11,346129
1073,"8 December, 2016","3, 5, 13, 20, 37, 38",14,268396
1072,"1 December, 2016","9, 12, 23, 34, 37, 38",7,211695
1071,"24 November, 2016","5, 12, 13, 18, 25, 40",5,186257
1070,"17 November, 2016","4, 10, 16, 24, 34, 40",11,173285
1069,"10 November, 2016","7, 19, 23, 26, 30, 37",5,218098
1068,"3 November, 2016","8, 22, 23, 26, 35, 40",6,168806
1067,"27 October, 2016","2, 16, 17, 21, 36, 38",7,204794
1066,"20 October, 2016","5, 8, 12, 22, 25, 34",17,-
1065,"13 October, 2016","2, 6, 8, 13, 31, 36",15,-
1064,"6 October, 2016","9, 12, 21, 32, 33, 37",18,-
1063,"29 September, 2016","4, 8, 18, 28, 36, 39",18,-
1062,"22 September, 2016","14, 16, 20, 23, 28, 33",11,-
1061,"15 September, 2016","2, 12, 13, 27, 29, 32",12,-
1060,"8 September, 2016","9, 10, 17, 25, 28, 31",2,-
1059,"1 September, 2016","3, 11, 13, 14, 18, 22",9,-
1058,"25 August, 2016","12, 22, 24, 25, 32, 39",11,-
1057,"18 August, 2016","3, 9, 18, 33, 37, 40",8,-
1056,"11 August, 2016","4, 7, 12, 17, 24, 35",4,-
1055,"4 August, 2016","3, 8, 16, 17, 24, 38",5,-
1054,"28 July, 2016","1, 5, 21, 24, 32, 36",20,-
1053,"21 July, 2016","9, 12, 14, 22, 30, 36",3,-
1052,"14 July, 2016","6, 8, 13, 26, 30, 31",1,-
1051,"7 July, 2016","4, 9, 14, 22, 23, 32",19,-
1050,"30 June, 2016","1, 4, 13, 14, 31, 33",12,-
1049,"23 June, 2016","8, 10, 17, 35, 36, 40",13,-
1048,"16 June, 2016","3, 11, 17, 24, 29, 37",3,-
1047,"9 June, 2016","5, 7, 13, 24, 31, 38",8,-
1046,"2 June, 2016","2, 10, 19, 25, 31, 39",6,-
1045,"26 May, 2016","5, 8, 15, 29, 31, 35",9,-
1044,"19 May, 2016","7, 11, 22, 24, 26, 29",20,-
1043,"12 May, 2016","8, 10, 18, 19, 26, 36",5,-
1042,"5 May, 2016","1, 2, 11, 20, 25, 38",5,-
1041,"28 April, 2016","2, 8, 9, 20, 24, 31",1,-
1040,"21 April, 2016","8, 12, 18, 19, 26, 33",6,-
1039,"14 April, 2016","4, 5, 7, 20, 32, 40",14,-
1038,"7 April, 2016","3, 5, 15, 20, 34, 35",13,-
1037,"31 March, 2016","19, 20, 23, 31, 32, 34",11,-
1036,"24 March, 2016","2, 7, 16, 17, 25, 32",14,-
1035,"17 March, 2016","6, 7, 15, 29, 34, 36",19,-
1034,"10 March, 2016","4, 6, 20, 22, 31, 33",18,-
1033,"3 March, 2016","9, 19, 20, 25, 27, 32",5,-
1032,"25 February, 2016","9, 13, 14, 15, 32, 38",2,-
1031,"18 February, 2016","9, 12, 16, 18, 20, 29",17,-
1030,"11 February, 2016","1, 8, 21, 22, 30, 33",5,-
1029,"4 February, 2016","6, 10, 17, 18, 20, 36",2,-
1028,"28 January, 2016","2, 9, 17, 29, 31, 33",9,-
1027,"21 January, 2016","19, 20, 22, 23, 26, 36",14,-
1026,"14 January, 2016","12, 19, 23, 34, 36, 37",20,-
1025,"7 January, 2016","4, 14, 18, 20, 23, 34",18,1304299
1024,"31 December, 2015","17, 20, 26, 33, 34, 37",17,-
1023,"24 December, 2015","1, 8, 15, 26, 32, 38",19,-
1022,"17 December, 2015","2, 7, 9, 23, 32, 40",9,-
1021,"10 December, 2015","10, 14, 17, 18, 28, 35",9,-
1020,"3 December, 2015","2, 7, 11, 19, 21, 25",16,-
1019,"26 November, 2015","3, 4, 8, 17, 19, 33",9,-
1018,"19 November, 2015","2, 5, 13, 16, 23, 38",18,-
1017,"12 November, 2015","1, 3, 15, 19, 26, 35",18,-
1016,"5 November, 2015","13, 17, 19, 20, 24, 31",19,-
1015,"29 October, 2015","4, 10, 23, 24, 26, 34",5,-
1014,"22 October, 2015","9, 12, 18, 31, 35, 38",10,-
1013,"15 October, 2015","6, 7, 13, 20, 23, 29",18,-
1012,"8 October, 2015","5, 6, 13, 20, 27, 35",3,-
1011,"1 October, 2015","3, 5, 16, 17, 27, 40",18,-
1010,"24 September, 2015","7, 15, 16, 21, 34, 39",5,-
1009,"17 September, 2015","7, 16, 21, 38, 39, 40",10,-
1008,"10 September, 2015","11, 12, 15, 24, 29, 38",15,-
1007,"3 September, 2015","3, 15, 21, 30, 32, 33",17,-
1006,"27 August, 2015","2, 5, 6, 11, 23, 28",14,-
1005,"20 August, 2015","2, 3, 17, 19, 20, 33",1,-
1004,"13 August, 2015","1, 5, 11, 12, 26, 39",14,-
1003,"6 August, 2015","5, 7, 16, 17, 25, 26",17,-
1002,"30 July, 2015","1, 3, 7, 20, 21, 36",19,-
1001,"23 July, 2015","3, 9, 21, 25, 27, 32",18,-
1000,"16 July, 2015","2, 5, 11, 18, 25, 39",2,-
999,"9 July, 2015","2, 17, 19, 24, 27, 35",11,-
998,"2 July, 2015","7, 17, 23, 26, 37, 39",12,-
997,"25 June, 2015","1, 4, 24, 25, 26, 37",19,-
996,"18 June, 2015","10, 15, 22, 25, 34, 37",19,-
995,"11 June, 2015","14, 16, 17, 18, 32, 35",1,-
994,"4 June, 2015","3, 4, 8, 16, 21, 33",8,-
993,"28 May, 2015","25, 26, 29, 31, 37, 39",2,-
992,"21 May, 2015","6, 13, 14, 31, 35, 40",16,-
991,"14 May, 2015","5, 13, 27, 29, 31, 38",1,-
990,"7 May, 2015","10, 19, 20, 22, 32, 33",12,-
989,"30 April, 2015","6, 15, 18, 24, 35, 37",15,-
988,"23 April, 2015","2, 9, 25, 27, 32, 34",8,-
987,"16 April, 2015","6, 8, 18, 25, 27, 29",2,-
986,"9 April, 2015","6, 9, 17, 23, 30, 37",11,-
985,"2 April, 2015","5, 9, 11, 23, 24, 33",13,-
984,"26 March, 2015","1, 10, 15, 19, 25, 35",18,-
983,"19 March, 2015","7, 8, 14, 18, 24, 35",15,-
982,"12 March, 2015","4, 6, 8, 23, 32, 40",1,-
981,"5 March, 2015","2, 4, 6, 23, 28, 32",7,-
980,"26 February, 2015","5, 8, 18, 19, 22, 36",9,-
979,"19 February, 2015","3, 4, 7, 27, 36, 38",11,-
978,"12 February, 2015","1, 3, 5, 11, 28, 39",10,-
977,"5 February, 2015","16, 21, 22, 29, 31, 36",13,-
976,"29 January, 2015","3, 6, 18, 32, 35, 37",2,-
975,"22 January, 2015","13, 17, 22, 25, 38, 40",2,-
974,"15 January, 2015","5, 13, 20, 26, 31, 37",3,-
973,"8 January, 2015","2, 10, 15, 32, 34, 37",5,-
972,"1 January, 2015","18, 24, 25, 27, 32, 34",6,-
971,"25 December, 2014","13, 16, 19, 31, 32, 38",5,-
970,"18 December, 2014","14, 24, 33, 35, 36, 38",2,-
969,"11 December, 2014","7, 9, 20, 31, 32, 36",19,-
968,"4 December, 2014","4, 5, 6, 8, 36, 39",8,-
967,"27 November, 2014","3, 5, 10, 22, 32, 37",13,-
966,"20 November, 2014","7, 24, 25, 26, 36, 37",12,-
965,"13 November, 2014","4, 5, 7, 14, 19, 28",18,-
964,"6 November, 2014","5, 12, 21, 27, 29, 39",19,-
963,"30 October, 2014","1, 4, 6, 15, 30, 36",5,-
962,"23 October, 2014","13, 19, 22, 24, 30, 39",11,-
961,"16 October, 2014","4, 9, 13, 18, 26, 34",3,-
960,"9 October, 2014","2, 24, 25, 26, 29, 35",8,-
959,"2 October, 2014","13, 17, 18, 23, 25, 27",1,-
958,"25 September, 2014","9, 19, 27, 31, 32, 40",1,-
957,"18 September, 2014","3, 10, 11, 16, 34, 35",4,-
956,"11 September, 2014","4, 16, 18, 30, 39, 40",19,-
955,"4 September, 2014","2, 17, 18, 24, 25, 26",6,-
954,"28 August, 2014","9, 11, 14, 23, 26, 28",11,-
953,"21 August, 2014","5, 7, 8, 19, 32, 40",12,-
952,"14 August, 2014","1, 8, 12, 26, 31, 38",6,-
951,"7 August, 2014","7, 12, 26, 27, 31, 32",12,-
950,"31 July, 2014","5, 16, 23, 24, 31, 37",15,-
949,"24 July, 2014","1, 8, 11, 15, 21, 31",20,-
948,"17 July, 2014","1, 6, 9, 31, 38, 39",10,-
947,"10 July, 2014","10, 13, 15, 20, 21, 33",2,-
946,"3 July, 2014","26, 27, 28, 31, 36, 38",15,-
945,"26 June, 2014","2, 9, 10, 20, 32, 33",7,-
944,"19 June, 2014","17, 26, 30, 32, 35, 40",19,-
943,"12 June, 2014","6, 19, 24, 29, 32, 39",7,-
942,"5 June, 2014","3, 6, 11, 14, 17, 35",4,-
941,"29 May, 2014","2, 14, 15, 21, 22, 32",15,-
940,"22 May, 2014","3, 4, 6, 12, 13, 20",1,-
939,"15 May, 2014","8, 30, 32, 34, 35, 36",4,-
938,"8 May, 2014","7, 8, 13, 21, 28, 34",4,-
937,"1 May, 2014","5, 21, 28, 33, 36, 37",2,-
936,"24 April, 2014","8, 15, 19, 21, 33, 36",3,-
935,"17 April, 2014","8, 11, 16, 20, 23, 29",9,-
934,"10 April, 2014","21, 22, 29, 36, 38, 39",12,-
933,"3 April, 2014","16, 18, 27, 28, 29, 32",2,-
932,"27 March, 2014","2, 15, 19, 21, 34, 39",10,-
931,"20 March, 2014","11, 20, 22, 27, 34, 39",6,-
930,"13 March, 2014","3, 4, 9, 31, 37, 38",6,-
929,"6 March, 2014","20, 21, 24, 26, 28, 38",15,-
928,"27 February, 2014","1, 14, 18, 22, 30, 34",17,-
927,"20 February, 2014","4, 6, 25, 26, 29, 40",18,-
926,"13 February, 2014","6, 8, 11, 13, 24, 34",7,-
925,"6 February, 2014","3, 5, 7, 10, 13, 22",15,-
924,"30 January, 2014","9, 13, 14, 15, 29, 32",17,-
923,"23 January, 2014","7, 9, 14, 24, 28, 31",11,-
922,"16 January, 2014","19, 26, 27, 33, 34, 37",20,-
921,"9 January, 2014","14, 18, 19, 20, 24, 29",11,-
920,"2 January, 2014","4, 8, 13, 29, 36, 38",3,-
919,"26 December, 2013","3, 7, 16, 25, 35, 39",13,-
918,"19 December, 2013","10, 11, 12, 30, 32, 35",10,-
917,"12 December, 2013","16, 24, 33, 37, 39, 40",1,-
916,"5 December, 2013","4, 6, 11, 16, 21, 37",3,-
915,"28 November, 2013","12, 18, 20, 22, 23, 37",5,-
914,"21 November, 2013","1, 10, 16, 19, 27, 34",10,-
913,"14 November, 2013","5, 8, 15, 16, 18, 29",19,-
912,"7 November, 2013","9, 13, 14, 25, 27, 34",15,-
911,"31 October, 2013","4, 13, 17, 28, 34, 36",19,-
910,"24 October, 2013","2, 12, 14, 20, 30, 38",15,-
909,"17 October, 2013","4, 8, 12, 13, 19, 30",2,-
908,"10 October, 2013","4, 13, 19, 27, 32, 39",16,-
907,"3 October, 2013","9, 10, 18, 30, 31, 33",10,-
906,"26 September, 2013","7, 9, 12, 17, 23, 40",8,-
905,"19 September, 2013","4, 7, 9, 19, 20, 29",12,-
904,"12 September, 2013","5, 15, 22, 29, 36, 40",4,-
903,"5 September, 2013","2, 10, 12, 14, 16, 20",8,-
902,"29 August, 2013","3, 4, 6, 29, 34, 39",7,-
901,"22 August, 2013","6, 10, 15, 24, 32, 37",11,-
900,"15 August, 2013","3, 9, 12, 14, 23, 27",12,-
899,"8 August, 2013","1, 8, 20, 22, 23, 25",12,-
898,"1 August, 2013","4, 16, 18, 23, 24, 29",8,-
897,"25 July, 2013","6, 7, 20, 23, 28, 40",15,-
896,"18 July, 2013","15, 26, 29, 30, 32, 36",4,-
895,"11 July, 2013","9, 10, 15, 21, 35, 38",9,-
894,"4 July, 2013","1, 8, 14, 16, 17, 23",11,-
893,"27 June, 2013","3, 4, 10, 25, 28, 32",9,-
892,"20 June, 2013","5, 8, 17, 19, 33, 37",14,-
891,"13 June, 2013","11, 12, 13, 24, 25, 38",7,-
890,"6 June, 2013","5, 14, 16, 20, 26, 29",8,-
889,"30 May, 2013","10, 19, 26, 29, 34, 37",16,-
888,"23 May, 2013","1, 6, 10, 14, 26, 27",7,-
887,"16 May, 2013","4, 23, 24, 26, 31, 40",13,-
886,"9 May, 2013","2, 4, 23, 26, 30, 33",4,-
885,"2 May, 2013","4, 10, 23, 34, 37, 39",20,-
884,"25 April, 2013","4, 13, 17, 18, 22, 26",20,-
883,"18 April, 2013","20, 25, 29, 32, 33, 34",2,-
882,"11 April, 2013","4, 7, 24, 28, 35, 40",12,-
881,"4 April, 2013","7, 21, 34, 35, 38, 39",5,-
880,"28 March, 2013","2, 5, 21, 26, 27, 28",19,-
879,"21 March, 2013","3, 22, 26, 32, 34, 38",18,-
878,"14 March, 2013","5, 9, 23, 30, 35, 37",18,-
877,"7 March, 2013","8, 16, 19, 25, 26, 29",5,-
876,"28 February, 2013","3, 5, 14, 24, 44",5,-
875,"21 February, 2013","9, 28, 31, 38, 45",19,-
874,"14 February, 2013","1, 17, 31, 32, 40",16,-
873,"7 February, 2013","5, 15, 23, 33, 44",27,-
872,"31 January, 2013","4, 14, 23, 24, 33",16,-
871,"24 January, 2013","9, 11, 14, 28, 30",37,-
870,"17 January, 2013","16, 22, 25, 35, 37",24,-
869,"10 January, 2013","7, 8, 13, 25, 29",37,-
868,"3 January, 2013","23, 24, 26, 30, 35",32,-
867,"27 December, 2012","5, 7, 8, 19, 20",10,-
866,"20 December, 2012","11, 18, 23, 29, 30",24,-
865,"13 December, 2012","11, 13, 18, 30, 36",45,-
864,"6 December, 2012","5, 19, 21, 27, 33",3,-
863,"29 November, 2012","3, 10, 19, 35, 38",25,-
862,"22 November, 2012","2, 6, 11, 17, 20",21,-
861,"15 November, 2012","8, 16, 24, 25, 37",5,-
860,"8 November, 2012","2, 3, 21, 22, 32",45,-
859,"1 November, 2012","6, 12, 16, 25, 28",10,-
858,"25 October, 2012","13, 18, 30, 38, 42",8,-
857,"18 October, 2012","7, 8, 21, 30, 31",29,-
856,"11 October, 2012","2, 14, 21, 29, 39",28,-
855,"4 October, 2012","20, 26, 41, 44, 45",9,-
854,"27 September, 2012","2, 16, 24, 31, 41",11,-
853,"20 September, 2012","6, 15, 22, 26, 40",13,-
852,"13 September, 2012","7, 10, 30, 43, 44",35,-
851,"6 September, 2012","13, 16, 18, 26, 28",24,-
850,"30 August, 2012","6, 11, 13, 25, 35",3,-
849,"23 August, 2012","8, 9, 10, 13, 22",8,-
848,"16 August, 2012","7, 15, 23, 28, 30",35,-
847,"9 August, 2012","7, 28, 32, 35, 38",42,-
846,"2 August, 2012","2, 7, 17, 25, 28",26,-
845,"26 July, 2012","7, 28, 31, 32, 33",44,-
844,"19 July, 2012","6, 12, 31, 36, 42",31,-
843,"12 July, 2012","3, 8, 20, 28, 36",11,-
842,"5 July, 2012","16, 18, 26, 37, 42",14,-
841,"28 June, 2012","11, 18, 19, 23, 36",37,-
840,"21 June, 2012","5, 23, 28, 33, 39",32,-
839,"14 June, 2012","12, 15, 23, 27, 29",1,-
838,"7 June, 2012","3, 10, 16, 24, 26",19,-
837,"31 May, 2012","1, 5, 10, 12, 27",29,-
836,"24 May, 2012","4, 18, 22, 27, 34",32,-
835,"17 May, 2012","14, 29, 35, 42, 44",11,-
834,"10 May, 2012","3, 6, 18, 29, 37",9,-
833,"3 May, 2012","1, 2, 8, 19, 29",13,-
832,"26 April, 2012","14, 15, 23, 32, 38",12,-
831,"19 April, 2012","5, 7, 14, 18, 42",23,-
830,"12 April, 2012","11, 12, 18, 20, 32",24,-
829,"5 April, 2012","20, 22, 36, 37, 39",44,-
828,"29 March, 2012","3, 4, 6, 9, 41",20,-
827,"22 March, 2012","2, 5, 10, 29, 45",3,-
826,"15 March, 2012","13, 20, 23, 24, 37",25,-
825,"8 March, 2012","6, 17, 18, 29, 33",7,-
824,"1 March, 2012","37, 38, 39, 42, 43",27,-
823,"23 February, 2012","2, 10, 14, 15, 34",27,-
822,"16 February, 2012","2, 5, 31, 41, 43",26,-
821,"9 February, 2012","9, 19, 35, 37, 39",14,-
820,"2 February, 2012","9, 13, 29, 37, 42",29,-
819,"26 January, 2012","5, 13, 14, 17, 23",1,-
818,"19 January, 2012","3, 7, 9, 22, 30",29,-
817,"12 January, 2012","12, 19, 23, 42, 45",42,-
816,"5 January, 2012","4, 12, 20, 32, 39",4,-
